CustomerID,Age,Gender,Region,Plan,ContractLength,MonthlySpend,LatePayments,Complaints,DataUsage_GB,SatisfactionScore,Churn
1,56,Male,Abuja,Standard,36,34.17,2,1,4.2,5,0
2,46,Female,Kano,Basic,24,35.87,0,1,5.97,4,0
3,32,Female,Abuja,Premium,36,69.11,1,2,6.01,1,0
4,60,Female,Abuja,Standard,12,97.17,2,1,8.98,4,0
5,25,Male,Abuja,Standard,24,64.33,0,0,5.33,2,0
6,38,Male,Abuja,Premium,12,16.93,1,0,2.87,3,0
7,56,Male,Lagos,Premium,36,16.8,1,0,4.77,5,0
8,36,Male,Port Harcourt,Premium,24,95.63,0,1,6.22,1,0
9,40,Male,Lagos,Premium,12,36.76,3,0,6.99,5,0
10,28,Male,Kano,Basic,36,18.29,2,0,1.77,5,0
11,28,Male,Lagos,Premium,12,63.91,2,2,5.51,5,0
12,41,Male,Lagos,Standard,12,66.13,0,1,3.21,1,0
13,53,Female,Kano,Standard,12,68.37,1,0,3.87,1,0
14,57,Female,Kano,Basic,36,34.07,1,1,6.69,5,0
15,41,Male,Kano,Standard,36,11.36,2,0,6.49,3,0
16,20,Male,Lagos,Standard,12,96.85,0,0,3.64,4,1
17,39,Female,Lagos,Premium,24,32.58,0,2,4.68,5,0
18,19,Male,Kano,Standard,24,70.84,2,0,3.93,2,0
19,41,Male,Port Harcourt,Basic,36,73.6,1,0,10.78,5,0
20,61,Male,Port Harcourt,Premium,36,64.9,2,0,5.56,1,0
21,47,Female,Abuja,Premium,36,38.16,1,0,3.32,4,0
22,55,Female,Kano,Basic,36,34.4,0,1,7.64,2,1
23,19,Female,Abuja,Premium,36,63.79,0,0,7.71,4,0
24,38,Female,Port Harcourt,Premium,24,87.95,0,0,8.58,4,1
25,50,Female,Abuja,Basic,36,95.21,1,0,9.18,2,1
26,29,Male,Kano,Premium,12,19.53,1,1,6.42,5,0
27,39,Female,Kano,Basic,12,23.93,0,0,4.3,5,1
28,61,Male,Kano,Basic,24,95.03,2,0,4.59,5,0
29,42,Male,Lagos,Standard,12,76.29,2,0,4.42,3,0
30,44,Female,Abuja,Standard,24,89.47,1,0,4.19,5,0
31,59,Female,Port Harcourt,Premium,24,28.24,0,0,7.48,2,0
32,45,Male,Port Harcourt,Premium,12,62.88,1,0,5.0,3,0
33,33,Male,Port Harcourt,Basic,36,73.1,2,0,6.94,5,0
34,32,Male,Lagos,Premium,12,71.21,1,0,6.35,3,0
35,64,Female,Lagos,Basic,12,46.73,1,0,2.8,2,0
36,61,Female,Kano,Basic,24,11.39,3,1,1.57,5,0
37,20,Female,Port Harcourt,Premium,12,62.46,1,0,2.53,1,1
38,54,Female,Lagos,Basic,24,32.78,0,0,4.15,2,0
39,24,Female,Kano,Standard,36,50.52,0,0,5.27,4,0
40,38,Male,Port Harcourt,Premium,36,96.18,0,1,3.7,4,0
41,26,Female,Abuja,Standard,36,45.91,2,1,6.41,2,0
42,56,Male,Kano,Premium,12,85.58,0,0,3.94,4,0
43,35,Male,Lagos,Basic,24,26.97,1,1,5.51,2,0
44,21,Male,Lagos,Premium,36,70.52,2,0,5.24,1,0
45,42,Female,Kano,Standard,24,97.93,0,0,8.47,2,0
46,31,Female,Kano,Basic,24,19.17,0,1,3.05,5,1
47,26,Female,Lagos,Premium,36,10.75,3,1,9.42,5,0
48,43,Male,Abuja,Premium,36,49.02,1,1,3.81,3,0
49,19,Male,Port Harcourt,Premium,24,18.34,1,1,2.32,4,0
50,37,Male,Abuja,Standard,36,77.35,0,1,4.57,4,0
51,45,Male,Kano,Standard,24,92.31,1,0,11.48,2,0
52,64,Male,Abuja,Premium,24,49.06,0,0,6.79,4,0
53,24,Male,Lagos,Basic,36,33.28,0,0,6.21,5,0
54,61,Female,Kano,Basic,12,49.1,3,0,6.59,1,0
55,25,Female,Port Harcourt,Standard,36,75.11,1,2,3.46,2,0
56,64,Female,Lagos,Basic,12,10.81,1,1,5.65,4,0
57,52,Female,Lagos,Standard,24,63.05,1,0,5.01,5,0
58,31,Male,Port Harcourt,Premium,24,65.2,0,1,8.62,3,0
59,34,Male,Port Harcourt,Standard,12,67.39,0,1,4.78,4,0
60,53,Female,Abuja,Standard,24,31.78,0,1,4.24,1,0
61,57,Male,Kano,Premium,12,74.26,0,0,2.67,1,0
62,21,Female,Port Harcourt,Basic,12,18.23,0,0,5.28,4,0
63,19,Female,Port Harcourt,Standard,24,27.93,2,3,5.59,4,0
64,23,Female,Kano,Standard,12,88.97,4,0,2.6,5,0
65,59,Male,Port Harcourt,Premium,36,76.49,0,0,5.91,4,0
66,21,Female,Port Harcourt,Basic,36,11.24,1,0,5.47,3,1
67,46,Female,Abuja,Standard,24,32.35,1,0,7.03,5,0
68,35,Female,Lagos,Premium,24,29.3,0,1,7.42,2,0
69,43,Male,Lagos,Standard,12,34.37,1,0,5.19,3,1
70,61,Male,Lagos,Premium,12,32.28,2,0,2.93,5,0
71,51,Female,Lagos,Basic,12,15.63,2,0,3.34,5,0
72,27,Male,Port Harcourt,Basic,12,51.3,2,0,8.52,1,0
73,53,Male,Kano,Basic,36,75.95,0,1,5.33,5,0
74,31,Male,Kano,Basic,36,64.61,0,1,8.49,3,0
75,48,Male,Abuja,Standard,24,70.56,1,0,6.0,4,0
76,32,Male,Abuja,Standard,12,17.3,1,0,6.51,3,0
77,25,Male,Port Harcourt,Basic,12,95.63,0,2,6.88,2,0
78,31,Male,Kano,Basic,24,85.46,1,0,2.55,5,0
79,40,Male,Kano,Basic,12,82.46,1,0,5.61,5,0
80,57,Male,Lagos,Standard,12,84.07,1,1,2.53,5,0
81,38,Male,Port Harcourt,Basic,12,93.94,0,0,4.43,5,0
82,33,Female,Port Harcourt,Basic,12,58.98,0,0,6.28,1,0
83,62,Female,Lagos,Basic,12,28.03,1,0,2.95,1,0
84,35,Male,Port Harcourt,Premium,24,65.51,0,0,6.12,4,0
85,64,Female,Port Harcourt,Basic,12,76.86,2,0,2.0,5,0
86,41,Female,Abuja,Premium,24,76.41,1,0,7.29,2,1
87,43,Male,Kano,Premium,12,56.93,0,1,3.67,4,0
88,42,Male,Port Harcourt,Basic,36,16.16,0,0,2.95,5,0
89,62,Male,Abuja,Premium,36,43.4,3,1,2.13,1,0
90,58,Female,Kano,Basic,36,92.87,1,0,3.84,2,0
91,46,Female,Lagos,Standard,36,62.6,1,0,1.18,4,0
92,32,Male,Abuja,Standard,24,58.45,0,0,3.9,2,0
93,62,Male,Abuja,Standard,24,34.2,2,0,7.2,5,1
94,18,Male,Kano,Standard,12,43.16,1,0,4.62,3,0
95,42,Female,Lagos,Premium,36,90.58,0,0,2.64,2,0
96,24,Female,Abuja,Basic,24,69.98,0,1,5.45,2,0
97,26,Female,Port Harcourt,Basic,12,80.86,2,0,5.28,1,0
98,41,Female,Port Harcourt,Basic,12,50.89,1,0,8.91,5,0
99,18,Male,Port Harcourt,Standard,24,66.72,1,1,6.58,2,1
100,61,Male,Lagos,Standard,36,32.35,2,1,5.61,5,1
101,25,Male,Abuja,Basic,12,73.49,0,0,6.81,1,0
102,41,Male,Port Harcourt,Standard,36,48.48,2,0,4.73,5,0
103,28,Female,Lagos,Basic,36,49.83,0,0,4.85,1,1
104,34,Female,Port Harcourt,Basic,36,68.44,0,0,8.32,1,0
105,25,Male,Kano,Basic,12,94.27,1,0,1.73,4,0
106,52,Male,Abuja,Basic,36,15.76,2,0,6.94,5,0
107,52,Female,Abuja,Basic,12,84.23,0,0,4.78,3,0
108,50,Male,Lagos,Basic,36,36.31,1,0,4.42,4,0
109,22,Female,Lagos,Basic,12,49.95,1,1,3.89,1,1
110,59,Male,Abuja,Standard,36,11.97,1,2,5.31,3,0
111,56,Male,Port Harcourt,Basic,24,37.09,1,0,4.91,2,0
112,58,Male,Port Harcourt,Basic,36,55.24,0,0,4.17,2,0
113,45,Male,Kano,Standard,36,15.06,4,1,3.59,4,1
114,24,Male,Port Harcourt,Standard,12,54.2,1,2,1.19,3,0
115,26,Male,Lagos,Standard,12,93.44,1,0,3.55,5,0
116,25,Male,Lagos,Basic,36,19.49,0,0,3.98,3,0
117,29,Female,Port Harcourt,Premium,24,78.8,0,1,5.3,4,0
118,51,Female,Lagos,Premium,24,46.87,1,0,8.93,5,0
119,50,Female,Abuja,Standard,12,68.97,1,1,3.77,5,0
120,40,Female,Abuja,Premium,24,33.42,0,1,2.95,2,0
121,41,Female,Port Harcourt,Standard,36,24.35,1,0,3.57,3,1
122,54,Male,Abuja,Basic,12,24.44,2,1,5.31,5,0
123,52,Male,Abuja,Premium,36,16.34,2,0,6.18,4,0
124,61,Female,Kano,Basic,12,26.71,2,0,6.46,2,0
125,57,Male,Kano,Premium,12,69.78,0,0,6.66,5,0
126,39,Female,Abuja,Basic,12,89.35,0,0,6.94,3,0
127,44,Female,Port Harcourt,Premium,12,83.27,0,0,4.44,2,0
128,52,Male,Kano,Basic,24,71.66,1,0,9.11,3,0
129,18,Male,Lagos,Basic,36,19.94,0,0,4.29,3,0
130,52,Male,Lagos,Premium,36,36.03,3,2,5.22,3,0
131,54,Female,Lagos,Basic,36,37.88,0,0,7.59,2,0
132,64,Male,Port Harcourt,Basic,12,32.5,1,0,6.13,5,0
133,31,Female,Abuja,Basic,24,56.35,2,0,0.52,1,0
134,20,Female,Lagos,Premium,36,58.2,1,1,5.01,5,0
135,18,Female,Port Harcourt,Premium,24,42.12,2,0,6.72,2,1
136,22,Male,Kano,Basic,12,41.84,1,0,2.31,1,1
137,43,Male,Abuja,Basic,36,84.57,1,0,6.5,1,0
138,31,Female,Kano,Premium,24,81.04,2,1,5.78,1,0
139,56,Male,Port Harcourt,Premium,12,37.7,3,2,7.37,4,0
140,44,Male,Lagos,Basic,24,92.24,1,0,3.62,2,0
141,26,Male,Lagos,Basic,36,95.75,1,1,6.99,4,0
142,32,Female,Port Harcourt,Basic,36,39.41,0,0,5.32,1,0
143,32,Female,Lagos,Standard,12,41.9,1,0,8.53,4,0
144,43,Male,Abuja,Premium,12,55.51,1,1,10.57,4,0
145,59,Female,Port Harcourt,Standard,12,94.7,2,1,8.08,2,0
146,30,Male,Kano,Premium,24,88.87,0,2,5.96,3,0
147,49,Male,Port Harcourt,Premium,24,19.23,1,0,9.64,4,0
148,56,Male,Abuja,Premium,24,45.35,3,1,6.21,4,0
149,49,Male,Abuja,Premium,12,59.8,2,1,3.18,1,0
150,21,Female,Port Harcourt,Premium,36,55.28,2,1,4.92,1,0
151,47,Female,Port Harcourt,Premium,36,27.45,2,0,6.52,1,0
152,54,Female,Lagos,Premium,24,87.29,1,0,6.65,5,1
153,40,Male,Abuja,Standard,24,70.92,1,0,2.75,4,0
154,56,Male,Port Harcourt,Basic,36,85.41,0,0,2.81,1,0
155,62,Male,Port Harcourt,Basic,36,87.29,0,0,4.32,2,0
156,32,Female,Abuja,Standard,24,77.35,2,0,6.07,5,0
157,60,Male,Port Harcourt,Standard,24,49.53,0,0,6.33,3,0
158,46,Female,Lagos,Standard,36,64.95,1,1,5.28,4,0
159,53,Female,Abuja,Standard,12,24.43,1,1,3.33,4,1
160,30,Female,Lagos,Premium,24,70.63,0,0,8.47,2,0
161,49,Female,Lagos,Basic,36,26.13,0,1,2.86,3,0
162,24,Female,Lagos,Premium,36,72.46,1,2,7.6,3,0
163,39,Female,Lagos,Basic,36,30.66,1,1,6.48,5,0
164,45,Male,Abuja,Basic,36,20.58,1,0,7.56,4,0
165,19,Male,Lagos,Standard,12,24.88,1,1,4.11,1,0
166,59,Female,Lagos,Premium,36,10.18,1,1,4.71,2,0
167,62,Female,Port Harcourt,Standard,24,74.69,0,0,5.11,2,1
168,23,Male,Abuja,Premium,12,75.92,1,0,4.05,2,0
169,45,Female,Abuja,Basic,36,56.34,3,1,5.45,2,0
170,45,Female,Kano,Standard,12,24.52,0,0,8.16,1,1
171,61,Male,Abuja,Standard,24,17.52,0,1,2.41,1,0
172,61,Female,Abuja,Basic,36,11.72,0,1,3.69,5,1
173,37,Female,Kano,Basic,24,24.92,1,1,3.47,4,1
174,47,Female,Abuja,Basic,36,90.18,0,0,4.81,1,1
175,28,Male,Abuja,Standard,36,31.74,2,0,4.73,5,0
176,45,Male,Abuja,Premium,36,41.88,0,1,6.54,3,0
177,42,Male,Abuja,Standard,36,19.48,0,1,5.07,4,0
178,56,Female,Kano,Premium,36,30.01,0,0,5.61,1,1
179,50,Female,Abuja,Standard,12,56.73,0,0,5.8,3,0
180,18,Male,Abuja,Standard,36,64.7,1,1,5.49,5,0
181,44,Female,Kano,Basic,36,32.08,0,2,6.41,1,0
182,30,Female,Port Harcourt,Premium,12,15.2,3,0,4.76,1,0
183,58,Female,Lagos,Standard,12,45.19,1,1,8.29,3,0
184,20,Female,Port Harcourt,Standard,12,31.08,0,1,10.08,1,0
185,56,Female,Kano,Basic,12,29.76,0,0,6.41,2,0
186,23,Male,Lagos,Basic,12,96.39,2,1,5.46,1,0
187,25,Female,Kano,Premium,12,65.47,1,0,6.25,4,1
188,44,Male,Kano,Standard,36,60.12,0,0,2.8,3,0
189,26,Female,Abuja,Premium,36,47.42,0,0,5.36,4,0
190,54,Male,Lagos,Standard,24,48.6,0,0,3.54,5,0
191,50,Female,Abuja,Premium,36,58.68,0,1,6.02,4,0
192,59,Male,Lagos,Basic,36,72.68,3,0,3.55,2,0
193,61,Female,Kano,Standard,12,73.19,1,1,4.31,2,1
194,41,Male,Kano,Premium,12,25.45,0,0,1.26,4,0
195,32,Female,Port Harcourt,Basic,36,55.01,0,2,2.65,5,0
196,49,Male,Lagos,Basic,24,47.08,2,1,5.71,1,0
197,49,Female,Abuja,Premium,12,88.35,2,1,3.26,2,0
198,41,Male,Port Harcourt,Standard,36,66.83,0,0,7.13,4,0
199,58,Male,Port Harcourt,Standard,36,57.93,0,0,3.09,4,0
200,29,Female,Port Harcourt,Basic,24,20.39,2,0,5.91,4,0
201,56,Female,Abuja,Standard,24,64.51,2,0,3.48,1,0
202,19,Male,Port Harcourt,Standard,12,20.55,1,1,5.77,3,0
203,20,Female,Abuja,Standard,24,40.35,1,0,1.93,5,0
204,54,Male,Port Harcourt,Basic,36,22.86,1,0,4.09,3,0
205,34,Male,Abuja,Premium,36,72.29,1,0,3.31,5,0
206,19,Male,Kano,Standard,24,28.56,3,1,6.77,5,1
207,19,Female,Kano,Basic,24,45.27,0,0,5.92,4,0
208,45,Male,Kano,Basic,24,90.61,1,0,2.53,2,0
209,40,Male,Kano,Premium,24,28.39,1,1,4.59,4,1
210,54,Female,Kano,Standard,12,55.7,1,0,3.46,1,0
211,49,Female,Port Harcourt,Standard,24,47.73,1,0,6.9,5,0
212,50,Female,Port Harcourt,Premium,12,11.63,1,0,7.54,2,0
213,18,Female,Port Harcourt,Premium,36,81.35,0,0,2.12,5,0
214,36,Male,Abuja,Basic,24,16.21,0,1,6.65,5,0
215,19,Male,Abuja,Basic,12,52.68,4,1,3.35,4,0
216,61,Male,Abuja,Premium,24,60.46,0,0,4.49,2,0
217,43,Male,Abuja,Standard,36,66.56,1,0,5.06,2,0
218,49,Female,Kano,Basic,36,71.98,1,1,8.63,5,1
219,23,Male,Kano,Basic,36,32.79,1,1,2.99,2,0
220,49,Male,Kano,Standard,24,10.9,0,0,6.67,2,0
221,21,Female,Lagos,Basic,24,75.11,1,0,2.66,4,1
222,28,Male,Port Harcourt,Standard,12,58.21,1,0,2.52,3,0
223,34,Male,Abuja,Standard,36,85.25,1,2,5.06,1,0
224,55,Male,Abuja,Standard,24,83.92,0,0,5.04,3,1
225,41,Male,Kano,Premium,36,85.9,2,2,-0.66,2,0
226,22,Male,Abuja,Premium,36,53.66,2,0,7.32,5,0
227,51,Male,Abuja,Premium,12,40.03,2,0,0.72,1,0
228,23,Female,Port Harcourt,Standard,12,81.24,0,0,4.71,1,0
229,39,Female,Kano,Standard,12,50.62,0,0,7.66,5,0
230,28,Male,Port Harcourt,Premium,12,26.51,1,0,9.42,1,0
231,33,Male,Lagos,Basic,36,86.95,1,0,4.27,5,0
232,50,Female,Lagos,Standard,12,89.43,0,0,2.13,1,0
233,26,Male,Lagos,Basic,12,51.97,1,0,7.58,3,0
234,23,Male,Kano,Basic,12,16.81,1,1,6.73,1,0
235,33,Male,Abuja,Standard,12,44.9,2,0,4.02,4,0
236,46,Female,Kano,Standard,36,82.32,1,2,3.77,5,0
237,20,Male,Kano,Basic,12,91.16,1,0,3.57,1,0
238,37,Female,Abuja,Basic,36,28.31,1,2,4.31,5,0
239,53,Male,Port Harcourt,Premium,24,16.03,1,1,5.63,4,0
240,36,Female,Lagos,Premium,36,88.96,0,0,3.87,1,0
241,43,Female,Port Harcourt,Standard,36,45.05,3,0,4.12,1,1
242,20,Male,Lagos,Premium,12,58.76,1,0,6.28,4,0
243,36,Female,Kano,Premium,24,97.13,3,0,2.04,4,1
244,37,Male,Lagos,Premium,24,15.99,0,1,4.25,4,0
245,49,Female,Kano,Premium,24,68.35,0,1,1.65,5,0
246,24,Male,Port Harcourt,Basic,24,16.67,0,0,5.22,4,1
247,58,Male,Kano,Standard,36,43.79,0,0,1.12,5,0
248,50,Female,Port Harcourt,Premium,24,82.34,1,0,6.78,3,0
249,57,Male,Abuja,Basic,36,49.01,1,1,2.37,1,1
250,56,Male,Abuja,Basic,36,99.75,0,1,1.45,1,1
251,35,Female,Abuja,Basic,36,60.32,0,0,4.27,2,1
252,57,Male,Kano,Premium,24,38.9,0,0,8.42,3,0
253,18,Male,Abuja,Premium,12,29.81,1,0,6.42,4,0
254,28,Female,Lagos,Standard,12,41.55,0,1,1.16,4,0
255,45,Female,Port Harcourt,Premium,24,43.53,1,1,2.31,3,0
256,42,Male,Port Harcourt,Premium,12,16.18,0,1,4.21,4,1
257,40,Male,Lagos,Basic,12,43.26,2,1,9.48,2,0
258,48,Female,Kano,Standard,36,51.78,1,0,3.12,5,0
259,47,Female,Kano,Premium,36,75.05,0,0,3.14,1,0
260,59,Male,Port Harcourt,Premium,24,69.11,2,1,8.05,3,0
261,52,Female,Abuja,Basic,24,73.79,4,0,5.39,1,1
262,24,Male,Kano,Basic,12,10.75,0,1,7.11,5,0
263,33,Male,Kano,Premium,36,29.59,1,0,3.55,3,0
264,43,Male,Lagos,Standard,24,69.55,0,0,4.8,5,1
265,19,Male,Lagos,Standard,24,53.56,1,0,7.63,4,0
266,18,Male,Abuja,Basic,24,10.48,0,2,4.71,4,0
267,29,Female,Kano,Basic,24,82.4,0,1,7.25,4,0
268,22,Female,Kano,Premium,24,79.55,2,0,5.77,5,0
269,54,Female,Lagos,Basic,24,59.36,0,0,2.92,5,0
270,49,Female,Kano,Premium,12,15.98,2,0,4.97,5,1
271,26,Male,Port Harcourt,Standard,36,78.99,1,0,6.96,1,0
272,58,Male,Lagos,Standard,36,62.53,3,2,6.34,5,1
273,52,Male,Abuja,Premium,24,80.38,4,0,4.92,4,1
274,36,Male,Lagos,Basic,36,77.66,0,2,1.22,2,0
275,33,Female,Kano,Standard,36,82.27,2,0,1.41,5,0
276,20,Male,Abuja,Basic,36,56.62,0,1,1.83,2,0
277,37,Male,Lagos,Standard,24,22.63,1,0,3.98,4,0
278,41,Female,Port Harcourt,Premium,24,70.4,1,0,4.25,5,1
279,50,Female,Port Harcourt,Premium,36,65.84,1,0,2.05,1,0
280,41,Female,Lagos,Premium,36,76.8,1,0,7.05,1,0
281,28,Female,Port Harcourt,Standard,24,25.29,0,0,2.47,2,0
282,25,Male,Port Harcourt,Basic,12,27.55,2,0,2.26,1,0
283,53,Male,Port Harcourt,Basic,36,90.14,3,1,5.18,1,0
284,55,Female,Abuja,Basic,12,77.5,1,0,6.95,1,0
285,57,Male,Port Harcourt,Standard,36,91.74,0,0,9.11,4,0
286,37,Male,Port Harcourt,Standard,12,78.28,0,1,6.17,1,0
287,52,Male,Port Harcourt,Standard,12,63.74,1,0,8.16,3,0
288,42,Female,Abuja,Standard,12,68.87,0,0,2.58,5,0
289,52,Male,Lagos,Standard,24,90.02,0,2,9.32,1,0
290,42,Female,Kano,Basic,12,62.09,2,0,1.28,1,0
291,46,Male,Port Harcourt,Standard,12,66.92,3,1,3.99,1,0
292,35,Male,Lagos,Standard,12,24.08,3,1,6.12,3,0
293,63,Male,Port Harcourt,Basic,36,52.65,1,0,1.79,1,1
294,35,Female,Abuja,Standard,12,74.48,1,0,3.15,1,0
295,19,Male,Lagos,Basic,36,34.38,0,0,2.83,5,0
296,52,Female,Abuja,Basic,12,28.2,2,2,4.38,3,1
297,33,Female,Port Harcourt,Premium,12,38.24,1,1,7.84,3,1
298,58,Female,Port Harcourt,Premium,24,31.74,4,0,5.03,1,0
299,53,Male,Abuja,Premium,36,29.34,1,0,4.07,3,0
300,50,Male,Kano,Premium,12,48.24,2,2,-0.77,2,0
301,21,Male,Abuja,Standard,36,91.71,0,1,5.93,3,0
302,50,Male,Port Harcourt,Premium,36,55.64,1,3,6.58,3,1
303,31,Female,Abuja,Basic,24,26.91,0,0,1.6,3,0
304,38,Female,Kano,Standard,24,16.93,1,0,4.87,4,0
305,37,Female,Abuja,Premium,24,72.65,1,0,5.39,4,0
306,25,Male,Kano,Basic,24,44.45,0,0,6.93,4,0
307,24,Female,Kano,Standard,24,83.96,2,0,3.55,3,0
308,20,Male,Abuja,Standard,24,69.36,2,1,3.25,2,1
309,34,Female,Abuja,Premium,24,81.66,2,0,4.09,3,0
310,50,Male,Lagos,Standard,24,34.48,1,0,7.57,1,0
311,29,Male,Port Harcourt,Basic,12,72.31,3,1,7.09,2,0
312,39,Female,Kano,Standard,36,33.77,2,0,4.96,4,0
313,39,Female,Lagos,Basic,24,94.52,1,1,7.04,5,0
314,63,Female,Abuja,Standard,24,67.27,0,0,0.26,2,1
315,47,Female,Port Harcourt,Premium,36,39.21,3,0,6.58,4,0
316,55,Male,Lagos,Basic,12,34.26,0,0,2.76,2,1
317,55,Female,Kano,Standard,36,27.18,1,1,8.53,2,0
318,62,Female,Lagos,Standard,36,72.52,1,0,2.87,3,0
319,25,Female,Kano,Standard,24,29.68,0,0,3.29,1,0
320,44,Male,Abuja,Basic,36,63.58,0,0,6.12,5,0
321,44,Male,Port Harcourt,Basic,36,33.82,2,1,6.32,4,1
322,51,Female,Port Harcourt,Basic,24,69.58,0,0,4.11,2,0
323,38,Male,Port Harcourt,Premium,24,83.34,0,0,5.74,5,0
324,47,Female,Abuja,Premium,24,80.02,1,0,5.99,2,0
325,50,Male,Kano,Basic,24,78.48,2,0,5.79,1,1
326,45,Male,Abuja,Standard,36,26.9,0,2,4.19,5,0
327,64,Male,Port Harcourt,Premium,36,17.95,1,1,6.01,4,0
328,50,Male,Abuja,Basic,12,72.91,0,0,7.81,2,0
329,22,Female,Abuja,Standard,12,43.15,2,2,2.55,1,0
330,36,Female,Abuja,Premium,36,48.91,1,0,3.32,5,0
331,21,Female,Kano,Standard,12,12.8,0,0,5.05,2,1
332,52,Male,Lagos,Standard,36,33.36,2,2,2.89,2,0
333,34,Female,Lagos,Standard,12,13.03,1,0,1.39,4,0
334,61,Female,Abuja,Standard,24,89.13,2,0,7.19,1,0
335,45,Female,Lagos,Premium,12,31.91,2,0,0.54,3,0
336,47,Male,Lagos,Premium,24,60.16,1,1,4.2,2,0
337,46,Male,Abuja,Premium,24,13.51,0,0,6.52,5,1
338,63,Male,Abuja,Basic,24,70.02,0,1,5.53,4,1
339,23,Female,Port Harcourt,Premium,24,39.07,1,1,4.23,4,1
340,52,Female,Lagos,Standard,12,90.81,0,1,2.81,2,1
341,58,Female,Kano,Premium,36,89.93,3,2,5.69,2,0
342,54,Male,Abuja,Standard,24,39.28,0,0,3.02,2,0
343,41,Male,Port Harcourt,Basic,12,91.09,0,0,5.53,3,0
344,46,Female,Kano,Standard,24,99.65,2,1,5.28,2,0
345,63,Male,Lagos,Standard,12,84.29,0,0,5.3,1,0
346,48,Male,Port Harcourt,Standard,12,86.04,1,1,3.72,5,0
347,52,Male,Abuja,Basic,12,32.41,1,2,9.07,2,0
348,50,Male,Kano,Premium,36,61.9,1,0,5.72,3,1
349,38,Female,Abuja,Premium,12,16.05,0,0,4.44,5,0
350,49,Male,Lagos,Basic,12,18.54,1,0,5.53,4,1
351,40,Male,Kano,Standard,36,99.9,0,0,3.45,2,0
352,50,Male,Lagos,Premium,36,39.4,0,0,4.23,5,0
353,20,Male,Lagos,Basic,12,77.34,0,0,9.78,4,0
354,35,Female,Port Harcourt,Premium,36,82.6,1,0,3.47,3,0
355,42,Female,Abuja,Basic,24,87.22,0,0,4.84,1,0
356,59,Male,Kano,Standard,24,99.79,1,0,4.09,2,0
357,48,Male,Lagos,Premium,36,31.73,3,0,2.92,1,0
358,20,Male,Lagos,Basic,36,13.63,1,1,5.84,3,0
359,57,Male,Kano,Premium,12,47.01,3,0,5.07,5,0
360,63,Male,Lagos,Premium,36,21.71,0,0,6.82,5,0
361,41,Male,Port Harcourt,Premium,12,12.02,3,2,6.62,3,0
362,49,Female,Port Harcourt,Premium,24,42.44,1,0,6.8,3,0
363,64,Male,Port Harcourt,Basic,36,80.54,0,0,3.16,2,0
364,39,Female,Port Harcourt,Standard,12,60.96,1,0,6.28,4,0
365,40,Female,Lagos,Basic,12,38.15,1,0,6.33,1,0
366,19,Male,Kano,Basic,24,68.89,1,0,2.96,1,0
367,44,Female,Kano,Basic,36,30.88,0,1,4.36,5,0
368,59,Female,Kano,Standard,24,11.29,0,0,2.09,5,0
369,19,Female,Kano,Premium,12,78.79,0,0,6.34,2,0
370,43,Female,Abuja,Premium,12,66.14,0,0,6.33,3,0
371,34,Female,Kano,Premium,36,78.61,0,0,7.86,1,0
372,57,Female,Abuja,Standard,12,13.5,1,0,4.54,2,0
373,50,Male,Abuja,Premium,36,85.34,1,1,5.9,5,0
374,26,Female,Port Harcourt,Standard,24,65.76,3,2,6.98,5,0
375,60,Female,Abuja,Premium,36,60.71,0,0,3.49,1,0
376,56,Female,Lagos,Premium,36,66.22,1,0,3.19,5,0
377,46,Male,Abuja,Basic,12,87.8,0,3,3.55,5,0
378,59,Female,Port Harcourt,Standard,12,62.82,0,1,4.3,4,0
379,43,Male,Abuja,Basic,36,62.29,0,0,3.26,3,0
380,52,Female,Lagos,Basic,12,99.16,0,0,3.64,5,0
381,42,Male,Lagos,Basic,12,78.11,1,0,6.76,4,1
382,41,Male,Lagos,Standard,12,49.81,1,1,4.81,2,1
383,30,Female,Port Harcourt,Standard,36,73.67,0,0,5.61,5,0
384,24,Female,Port Harcourt,Premium,12,45.03,1,0,3.9,2,0
385,53,Male,Kano,Basic,36,30.6,2,2,3.77,5,0
386,62,Female,Port Harcourt,Premium,12,63.72,1,0,5.57,1,0
387,37,Male,Lagos,Basic,24,93.54,1,0,5.25,4,1
388,18,Male,Lagos,Standard,12,93.62,1,1,6.56,4,1
389,25,Male,Port Harcourt,Standard,12,40.77,3,0,7.6,1,0
390,63,Male,Abuja,Standard,36,57.49,2,0,3.62,3,0
391,33,Male,Port Harcourt,Basic,36,29.05,0,0,6.72,4,0
392,31,Female,Port Harcourt,Standard,12,99.61,0,1,2.84,2,0
393,29,Male,Lagos,Basic,24,98.3,1,0,9.15,4,1
394,40,Male,Kano,Premium,12,68.46,1,0,3.43,3,1
395,32,Female,Lagos,Basic,12,82.4,1,0,6.38,2,0
396,45,Male,Kano,Premium,24,74.36,0,1,2.83,2,0
397,51,Female,Lagos,Basic,36,63.38,2,2,4.7,1,0
398,19,Female,Port Harcourt,Premium,12,14.8,1,0,8.09,5,0
399,49,Female,Lagos,Standard,36,50.93,1,0,3.36,1,1
400,40,Male,Lagos,Premium,36,70.73,1,1,9.41,5,0
401,39,Male,Lagos,Standard,24,70.98,0,0,4.99,1,0
402,42,Male,Port Harcourt,Standard,24,43.58,0,0,6.95,5,0
403,39,Female,Port Harcourt,Premium,36,94.75,2,1,5.81,4,1
404,39,Male,Port Harcourt,Basic,12,25.06,0,0,5.91,2,0
405,59,Female,Port Harcourt,Basic,36,55.03,0,0,2.15,5,1
406,23,Male,Kano,Basic,12,72.18,2,0,4.05,4,1
407,32,Female,Kano,Basic,12,72.74,1,1,7.39,3,1
408,60,Male,Abuja,Basic,24,68.38,2,1,4.31,1,0
409,54,Male,Port Harcourt,Standard,12,34.78,0,0,5.28,3,0
410,50,Male,Kano,Basic,12,24.06,1,1,1.91,4,0
411,25,Female,Lagos,Standard,36,67.23,0,0,3.92,3,0
412,61,Female,Port Harcourt,Standard,24,63.94,5,1,7.25,3,0
413,61,Male,Abuja,Standard,12,26.14,0,1,2.43,4,0
414,22,Male,Abuja,Premium,12,73.46,0,1,6.43,2,0
415,56,Female,Abuja,Premium,24,50.97,1,0,5.36,5,1
416,21,Female,Lagos,Standard,36,70.1,0,0,4.53,1,0
417,23,Female,Kano,Premium,24,85.36,2,1,4.44,5,0
418,62,Male,Lagos,Basic,24,25.28,0,0,4.02,1,0
419,49,Female,Port Harcourt,Basic,12,11.72,0,1,4.2,5,0
420,47,Male,Abuja,Standard,12,80.12,0,0,6.86,3,1
421,64,Female,Lagos,Basic,36,64.87,0,2,4.14,2,0
422,52,Male,Lagos,Standard,12,72.97,2,1,8.62,3,1
423,57,Female,Kano,Standard,12,85.43,0,1,5.6,2,0
424,33,Female,Kano,Basic,24,82.25,1,0,3.85,4,0
425,30,Female,Abuja,Premium,12,96.48,2,0,6.95,1,0
426,59,Female,Lagos,Basic,36,58.23,0,0,6.25,1,0
427,47,Female,Lagos,Basic,24,53.96,1,0,1.69,4,0
428,36,Male,Kano,Standard,36,46.17,1,0,2.93,5,0
429,34,Female,Lagos,Standard,24,23.83,1,0,4.77,4,0
430,36,Female,Lagos,Standard,12,61.53,0,0,1.83,4,0
431,45,Female,Lagos,Standard,24,34.93,1,0,9.18,2,0
432,43,Male,Kano,Premium,24,92.92,1,0,6.64,4,1
433,54,Female,Abuja,Premium,12,62.49,0,0,4.97,1,0
434,43,Male,Port Harcourt,Premium,12,63.36,0,2,4.31,3,0
435,40,Female,Abuja,Standard,36,41.94,0,0,3.8,2,0
436,26,Female,Port Harcourt,Standard,36,14.68,1,1,1.07,2,1
437,29,Male,Lagos,Standard,12,12.86,1,0,1.53,5,1
438,18,Female,Abuja,Premium,12,48.1,0,0,8.8,3,0
439,18,Male,Port Harcourt,Standard,12,17.61,1,1,8.15,2,0
440,64,Male,Kano,Basic,24,64.62,1,0,3.85,4,0
441,51,Female,Kano,Basic,24,89.29,2,0,6.82,2,1
442,49,Male,Abuja,Standard,24,89.46,1,1,6.01,2,1
443,42,Female,Abuja,Basic,12,69.31,0,0,6.25,2,1
444,57,Female,Lagos,Basic,36,29.01,0,0,2.15,5,0
445,62,Male,Abuja,Premium,12,87.67,1,0,1.38,2,0
446,18,Male,Lagos,Standard,24,89.75,1,1,7.37,2,1
447,33,Male,Lagos,Standard,24,27.7,0,1,1.04,5,0
448,56,Male,Kano,Premium,12,76.37,4,1,4.7,3,0
449,22,Female,Kano,Basic,12,35.79,0,0,4.26,1,0
450,39,Female,Port Harcourt,Basic,24,82.24,1,0,4.08,5,1
451,46,Male,Kano,Standard,24,99.75,2,0,5.63,5,0
452,20,Female,Kano,Basic,24,12.7,0,0,3.64,2,0
453,29,Female,Abuja,Premium,12,90.76,2,1,5.79,2,0
454,43,Female,Kano,Premium,24,66.04,0,1,5.28,1,0
455,33,Female,Port Harcourt,Standard,24,97.6,3,0,9.2,2,0
456,54,Male,Abuja,Premium,36,51.85,0,1,2.23,4,0
457,39,Male,Port Harcourt,Premium,12,86.26,2,0,5.06,2,0
458,46,Female,Kano,Standard,36,15.62,3,1,5.86,2,0
459,31,Male,Port Harcourt,Premium,36,40.18,2,0,4.49,4,1
460,45,Male,Abuja,Premium,24,16.03,0,1,2.33,1,1
461,22,Male,Lagos,Premium,12,97.78,1,0,7.51,4,0
462,64,Female,Port Harcourt,Basic,24,83.53,1,0,5.67,5,1
463,47,Female,Port Harcourt,Standard,12,86.73,0,2,2.47,4,0
464,63,Female,Abuja,Standard,36,94.42,1,1,5.88,3,0
465,22,Male,Abuja,Standard,12,17.66,2,0,8.4,5,0
466,29,Female,Port Harcourt,Basic,24,44.7,0,0,4.93,2,0
467,33,Female,Kano,Basic,24,16.39,1,1,5.0,5,0
468,43,Male,Port Harcourt,Standard,24,28.97,0,1,8.14,1,0
469,43,Female,Abuja,Basic,12,30.64,3,0,3.06,1,0
470,38,Female,Lagos,Standard,36,52.22,2,0,8.46,4,0
471,56,Male,Lagos,Basic,36,34.17,1,0,6.95,5,0
472,53,Male,Kano,Premium,12,19.09,1,0,3.15,2,0
473,50,Male,Port Harcourt,Premium,24,25.07,0,1,3.66,1,0
474,47,Female,Lagos,Standard,36,23.25,0,1,3.95,2,0
475,54,Female,Port Harcourt,Basic,24,97.58,0,0,1.33,3,0
476,40,Female,Abuja,Basic,12,78.34,1,0,5.52,1,0
477,27,Male,Lagos,Premium,24,97.1,2,0,3.24,4,0
478,22,Male,Kano,Premium,36,49.58,0,0,5.59,3,0
479,53,Female,Abuja,Basic,36,35.05,2,2,2.42,5,1
480,51,Female,Kano,Basic,24,81.85,3,0,6.85,2,1
481,48,Male,Abuja,Basic,12,39.36,1,1,6.48,1,1
482,27,Male,Lagos,Basic,24,36.94,1,0,3.59,3,0
483,36,Male,Kano,Basic,12,30.93,0,0,5.72,3,0
484,49,Male,Kano,Basic,24,21.67,2,1,5.17,1,1
485,18,Female,Abuja,Standard,36,33.08,2,0,7.96,5,0
486,22,Male,Kano,Basic,12,41.98,1,1,2.94,5,0
487,62,Female,Abuja,Premium,12,70.66,2,0,4.7,4,0
488,21,Female,Abuja,Standard,12,15.63,1,0,3.72,5,0
489,33,Female,Abuja,Basic,36,28.95,2,1,5.09,4,1
490,41,Male,Abuja,Premium,24,82.81,0,2,6.07,3,0
491,33,Male,Lagos,Standard,36,23.22,0,1,3.7,1,0
492,19,Male,Abuja,Premium,12,40.84,0,0,4.27,5,0
493,45,Male,Port Harcourt,Basic,24,87.82,0,0,6.93,4,0
494,49,Female,Kano,Basic,36,23.94,2,0,7.71,3,0
495,44,Male,Port Harcourt,Basic,12,17.45,2,0,5.99,5,0
496,37,Male,Lagos,Basic,12,53.61,2,0,4.72,2,0
497,41,Female,Port Harcourt,Standard,36,37.22,0,0,4.53,3,0
498,29,Male,Kano,Standard,36,60.71,1,1,6.1,5,0
499,52,Female,Port Harcourt,Premium,36,82.34,0,1,5.46,3,0
500,50,Female,Lagos,Basic,12,22.34,1,0,1.7,1,0
501,50,Female,Abuja,Premium,36,62.26,1,0,6.14,1,0
502,60,Female,Port Harcourt,Standard,12,55.5,1,0,3.28,1,0
503,54,Female,Lagos,Basic,36,22.97,4,0,2.17,2,1
504,29,Female,Lagos,Basic,12,66.16,0,3,1.66,1,1
505,20,Female,Kano,Standard,12,34.63,2,1,4.57,2,0
506,18,Female,Kano,Standard,24,53.91,1,0,2.97,1,0
507,50,Male,Port Harcourt,Standard,36,17.4,0,1,0.35,3,0
508,57,Male,Abuja,Standard,36,51.36,1,0,4.28,5,0
509,27,Male,Lagos,Standard,12,37.58,1,0,4.02,5,0
510,60,Male,Port Harcourt,Basic,12,84.01,0,0,4.7,1,1
511,61,Female,Lagos,Standard,12,15.13,1,1,3.74,5,0
512,46,Male,Lagos,Basic,24,47.67,1,1,8.66,1,1
513,30,Female,Abuja,Basic,24,51.26,1,0,6.03,1,0
514,29,Male,Abuja,Standard,12,75.25,3,0,4.0,4,0
515,48,Male,Port Harcourt,Standard,36,61.69,1,0,4.87,4,0
516,63,Male,Abuja,Basic,36,70.05,1,0,7.83,4,0
517,19,Female,Abuja,Standard,24,79.93,1,2,6.91,2,0
518,52,Male,Port Harcourt,Standard,24,87.6,2,2,2.21,4,0
519,40,Female,Abuja,Standard,12,38.25,0,1,3.05,1,0
520,34,Female,Kano,Premium,36,58.42,2,0,3.44,3,0
521,43,Male,Lagos,Basic,12,85.61,0,0,4.12,4,0
522,25,Male,Lagos,Premium,24,99.05,1,0,3.81,4,0
523,46,Male,Lagos,Standard,36,90.06,0,0,5.07,3,0
524,43,Female,Lagos,Premium,36,43.43,0,1,6.47,1,0
525,27,Male,Port Harcourt,Standard,24,27.56,1,0,6.81,2,0
526,43,Female,Lagos,Premium,12,54.05,0,0,4.35,4,0
527,51,Female,Lagos,Standard,12,76.75,2,0,1.73,3,0
528,58,Male,Lagos,Premium,36,54.33,1,0,2.92,1,0
529,24,Male,Lagos,Premium,24,53.49,0,0,3.96,5,0
530,21,Female,Kano,Premium,36,85.44,0,0,2.51,2,0
531,62,Female,Lagos,Basic,24,42.53,1,0,7.28,3,0
532,28,Female,Kano,Premium,12,87.38,0,1,2.64,3,1
533,46,Male,Port Harcourt,Basic,24,46.61,2,0,6.23,3,0
534,53,Female,Abuja,Standard,12,39.54,1,0,1.64,4,0
535,42,Male,Lagos,Premium,24,50.86,1,0,6.31,5,1
536,38,Female,Abuja,Standard,36,78.62,1,1,4.72,2,0
537,53,Female,Abuja,Standard,12,21.34,0,0,8.03,1,1
538,27,Male,Port Harcourt,Premium,36,27.68,0,1,2.74,1,0
539,54,Female,Abuja,Basic,36,95.63,0,0,3.87,5,0
540,26,Male,Kano,Premium,12,25.79,0,0,4.26,3,1
541,41,Male,Abuja,Standard,12,61.1,5,2,4.69,3,0
542,52,Female,Abuja,Standard,36,62.14,0,0,4.31,3,0
543,52,Male,Abuja,Premium,36,54.07,1,0,4.35,3,0
544,53,Male,Lagos,Basic,36,68.03,1,2,4.31,3,0
545,35,Female,Lagos,Basic,36,30.68,0,1,0.86,5,0
546,56,Male,Kano,Standard,12,59.74,0,0,6.99,4,0
547,49,Male,Kano,Standard,12,43.5,1,1,10.72,2,0
548,41,Male,Lagos,Basic,36,69.55,2,1,5.6,3,0
549,40,Female,Kano,Premium,24,22.71,1,0,2.73,4,0
550,49,Male,Lagos,Standard,24,61.38,0,2,2.93,1,0
551,54,Female,Port Harcourt,Basic,12,26.67,2,0,6.23,5,0
552,29,Female,Abuja,Standard,36,35.08,0,1,5.77,4,1
553,30,Male,Abuja,Premium,36,29.68,0,2,4.43,3,0
554,40,Male,Kano,Basic,12,26.46,1,0,6.51,3,0
555,42,Male,Lagos,Standard,24,84.31,1,0,0.87,3,0
556,52,Female,Lagos,Premium,24,35.71,2,1,6.51,4,0
557,58,Male,Kano,Standard,24,93.44,0,0,5.48,3,0
558,47,Male,Lagos,Premium,12,97.29,2,0,3.01,4,1
559,34,Male,Port Harcourt,Premium,24,61.41,3,0,2.13,3,0
560,37,Male,Abuja,Basic,12,22.87,0,0,5.24,1,1
561,42,Male,Kano,Premium,12,43.71,0,0,7.81,1,0
562,39,Female,Kano,Standard,36,81.8,0,3,4.54,2,0
563,30,Female,Lagos,Premium,24,43.07,3,0,3.29,3,0
564,36,Male,Kano,Premium,12,17.83,0,1,5.38,3,0
565,53,Male,Port Harcourt,Basic,24,60.11,1,1,8.64,4,0
566,29,Male,Lagos,Premium,24,86.06,0,0,5.86,4,0
567,58,Male,Lagos,Premium,36,81.63,1,2,6.08,3,0
568,36,Female,Lagos,Standard,24,25.76,0,0,7.45,2,1
569,29,Male,Lagos,Basic,36,70.55,1,0,5.95,3,1
570,26,Female,Port Harcourt,Basic,12,29.85,1,0,3.44,4,0
571,24,Female,Lagos,Basic,24,29.64,0,0,1.51,3,0
572,45,Male,Kano,Premium,12,88.67,0,0,3.16,4,0
573,31,Female,Port Harcourt,Basic,24,32.47,1,1,2.79,3,0
574,48,Female,Abuja,Premium,12,33.69,1,0,6.32,5,1
575,36,Female,Abuja,Premium,24,10.06,0,1,6.6,4,0
576,64,Female,Kano,Standard,24,88.36,1,1,5.35,2,0
577,33,Male,Kano,Standard,24,81.33,1,0,2.46,5,0
578,22,Male,Port Harcourt,Standard,24,66.46,2,0,8.57,3,0
579,52,Female,Abuja,Standard,24,77.52,1,1,4.17,4,0
580,29,Male,Abuja,Standard,24,23.68,4,1,6.21,5,0
581,42,Male,Abuja,Premium,24,51.25,1,0,5.1,2,0
582,38,Male,Abuja,Premium,24,41.61,0,0,5.42,4,0
583,53,Male,Abuja,Basic,24,18.44,3,2,6.14,5,0
584,40,Male,Lagos,Premium,12,53.75,2,0,3.61,5,0
585,33,Female,Kano,Premium,36,92.87,1,0,7.61,5,0
586,56,Male,Lagos,Standard,24,13.61,0,0,1.84,1,0
587,62,Male,Abuja,Premium,36,36.23,4,0,2.92,3,0
588,59,Male,Port Harcourt,Standard,24,28.68,1,2,7.58,4,0
589,56,Male,Port Harcourt,Basic,24,31.43,1,0,6.18,4,0
590,31,Female,Abuja,Basic,12,91.76,1,2,10.08,4,0
591,48,Female,Abuja,Premium,12,52.13,0,0,5.14,5,0
592,22,Female,Port Harcourt,Basic,36,51.97,1,0,8.4,3,0
593,52,Female,Lagos,Premium,12,78.45,1,0,1.29,2,0
594,40,Male,Lagos,Basic,12,23.9,1,0,2.17,4,0
595,46,Female,Abuja,Standard,36,53.85,0,0,6.79,3,0
596,60,Male,Lagos,Standard,12,48.7,0,1,1.52,3,1
597,28,Male,Port Harcourt,Standard,24,63.72,1,0,4.61,1,1
598,35,Male,Lagos,Standard,36,99.96,0,0,7.33,4,0
599,64,Male,Abuja,Premium,36,79.25,1,2,6.0,5,0
600,29,Male,Port Harcourt,Basic,24,45.81,2,0,5.02,3,0
601,26,Female,Lagos,Premium,12,84.48,2,1,4.1,3,0
602,27,Female,Kano,Standard,36,25.36,1,0,5.4,2,0
603,61,Female,Port Harcourt,Premium,36,12.74,1,0,6.15,1,1
604,34,Female,Port Harcourt,Basic,24,28.4,2,0,3.68,3,0
605,55,Male,Kano,Premium,24,40.64,1,0,5.74,3,1
606,24,Female,Kano,Basic,12,55.95,1,1,7.16,5,0
607,63,Male,Port Harcourt,Premium,36,65.36,3,0,4.56,5,0
608,30,Female,Kano,Basic,12,91.95,2,1,5.14,2,0
609,57,Male,Abuja,Basic,12,55.89,2,0,5.97,2,0
610,59,Male,Abuja,Standard,24,55.11,0,0,6.1,2,0
611,26,Female,Abuja,Basic,36,14.52,2,1,6.76,5,0
612,44,Male,Port Harcourt,Standard,36,13.14,1,0,2.97,5,0
613,19,Male,Kano,Standard,36,59.6,1,1,3.94,1,0
614,22,Female,Kano,Standard,24,49.44,2,1,4.02,4,0
615,46,Male,Lagos,Premium,24,85.53,2,0,3.19,4,0
616,54,Female,Lagos,Premium,24,24.46,2,0,1.4,1,0
617,55,Female,Kano,Premium,24,12.25,0,0,-1.51,4,0
618,36,Female,Kano,Premium,24,50.41,0,1,7.39,5,0
619,25,Male,Kano,Basic,36,31.37,0,0,1.89,4,0
620,62,Male,Port Harcourt,Basic,12,14.47,2,1,8.13,5,1
621,18,Male,Kano,Premium,36,75.21,0,0,6.48,1,0
622,39,Female,Lagos,Basic,12,20.04,0,2,4.19,2,0
623,34,Male,Port Harcourt,Basic,24,64.75,1,0,6.23,1,0
624,24,Female,Kano,Standard,12,35.29,2,0,5.85,4,1
625,42,Female,Lagos,Standard,36,25.61,2,1,2.8,5,0
626,62,Male,Port Harcourt,Standard,36,44.18,1,0,4.97,4,0
627,21,Female,Kano,Standard,12,82.13,0,1,3.04,4,0
628,53,Male,Kano,Basic,24,45.29,1,1,6.31,2,0
629,23,Male,Kano,Premium,24,77.57,0,0,3.57,4,0
630,48,Male,Port Harcourt,Basic,36,21.29,0,0,4.81,2,0
631,36,Male,Lagos,Basic,12,79.55,0,1,4.72,5,0
632,61,Male,Lagos,Basic,24,31.32,1,0,5.24,5,1
633,56,Female,Abuja,Standard,24,70.97,1,1,8.33,2,0
634,44,Female,Kano,Standard,36,60.92,1,1,4.52,1,0
635,27,Female,Abuja,Standard,24,93.62,1,0,7.44,5,0
636,43,Male,Abuja,Premium,12,44.86,2,2,5.96,1,0
637,36,Male,Lagos,Basic,36,15.95,1,0,7.84,5,0
638,56,Male,Port Harcourt,Premium,36,11.72,1,1,4.32,5,0
639,20,Female,Port Harcourt,Standard,12,84.42,1,1,6.39,3,0
640,62,Male,Lagos,Premium,36,57.23,3,0,4.88,4,0
641,30,Female,Port Harcourt,Basic,24,79.77,1,0,-0.98,4,0
642,45,Female,Abuja,Basic,24,31.1,1,0,2.82,1,1
643,37,Male,Kano,Standard,12,41.06,1,0,6.16,4,0
644,45,Male,Lagos,Standard,24,12.71,0,0,6.03,1,0
645,25,Female,Kano,Premium,12,96.53,2,0,2.41,5,0
646,58,Male,Port Harcourt,Standard,12,70.11,1,2,5.44,3,0
647,56,Female,Kano,Standard,24,93.99,0,0,6.01,3,0
648,18,Male,Port Harcourt,Basic,12,33.89,1,0,4.93,5,1
649,20,Male,Port Harcourt,Standard,24,65.03,0,0,6.46,2,0
650,30,Female,Abuja,Standard,36,71.06,0,3,6.19,2,0
651,45,Male,Port Harcourt,Basic,36,38.58,0,0,4.93,4,0
652,42,Female,Abuja,Basic,12,86.33,0,0,3.98,1,0
653,50,Male,Abuja,Premium,24,95.24,2,0,7.09,3,0
654,55,Female,Abuja,Standard,24,89.64,2,0,5.93,4,0
655,23,Female,Lagos,Basic,36,76.52,2,1,2.24,5,1
656,61,Male,Lagos,Premium,36,34.97,0,0,5.44,3,0
657,62,Female,Port Harcourt,Premium,24,35.35,2,0,2.7,1,0
658,49,Male,Abuja,Standard,12,96.7,0,1,3.07,1,1
659,62,Male,Lagos,Standard,36,10.93,1,2,3.7,2,0
660,64,Male,Abuja,Premium,12,74.44,2,1,5.09,4,0
661,38,Female,Kano,Basic,12,73.56,1,0,5.75,5,0
662,33,Female,Kano,Premium,36,66.04,1,2,4.18,3,0
663,38,Male,Kano,Standard,12,99.11,3,0,4.27,1,0
664,28,Male,Port Harcourt,Basic,12,38.07,0,0,3.99,3,1
665,54,Female,Abuja,Basic,24,40.6,2,0,7.1,5,0
666,53,Male,Kano,Premium,12,17.1,2,0,-0.71,3,0
667,52,Male,Lagos,Standard,24,49.85,1,0,4.38,4,0
668,36,Female,Kano,Premium,36,33.49,1,0,8.09,2,1
669,37,Male,Kano,Premium,36,40.9,1,1,6.03,3,0
670,35,Female,Kano,Premium,24,85.11,2,0,7.53,2,0
671,64,Male,Port Harcourt,Basic,36,94.19,0,0,0.93,5,0
672,58,Female,Lagos,Basic,12,26.72,1,1,2.52,2,0
673,31,Male,Abuja,Standard,12,43.53,0,0,6.03,3,1
674,32,Male,Lagos,Standard,12,93.58,1,0,8.1,3,1
675,48,Female,Abuja,Premium,36,15.56,0,1,2.72,1,0
676,18,Male,Port Harcourt,Premium,12,18.31,1,3,4.22,3,0
677,20,Female,Port Harcourt,Premium,36,24.65,2,0,5.8,2,0
678,33,Male,Port Harcourt,Standard,12,63.57,1,0,2.1,1,0
679,40,Female,Port Harcourt,Basic,24,23.54,2,1,6.04,3,0
680,28,Female,Abuja,Basic,36,97.13,1,0,-0.35,3,0
681,29,Female,Kano,Premium,36,50.2,0,1,5.98,5,0
682,27,Female,Abuja,Premium,12,55.14,1,0,3.01,1,1
683,49,Male,Lagos,Premium,36,32.2,1,0,4.1,5,0
684,33,Male,Port Harcourt,Premium,36,52.39,2,0,6.3,5,1
685,25,Female,Port Harcourt,Standard,24,69.57,0,1,5.89,5,0
686,55,Female,Lagos,Basic,24,77.61,3,0,4.98,4,0
687,29,Female,Abuja,Premium,12,77.85,1,0,6.94,5,1
688,41,Male,Kano,Standard,24,62.01,0,1,1.6,2,0
689,45,Male,Kano,Premium,12,91.39,1,0,5.41,3,0
690,25,Male,Lagos,Premium,12,83.57,0,1,3.42,4,0
691,45,Male,Kano,Basic,12,78.13,1,1,6.84,5,0
692,53,Female,Abuja,Premium,36,15.0,0,1,6.37,3,1
693,43,Female,Abuja,Basic,24,10.62,1,0,6.45,1,1
694,25,Female,Lagos,Basic,12,29.12,0,0,8.29,1,0
695,45,Male,Abuja,Basic,24,69.72,0,1,7.25,3,0
696,45,Male,Port Harcourt,Standard,12,47.01,2,1,4.69,2,0
697,54,Male,Lagos,Standard,24,46.22,2,0,5.0,3,0
698,58,Female,Abuja,Basic,24,89.61,2,0,6.2,3,0
699,53,Female,Lagos,Premium,12,90.6,0,1,5.27,4,0
700,44,Male,Kano,Basic,36,91.83,1,3,6.41,1,0
701,34,Female,Abuja,Premium,24,38.25,2,1,0.54,1,0
702,26,Male,Port Harcourt,Basic,36,72.2,1,0,8.76,5,0
703,50,Male,Abuja,Premium,36,34.45,2,0,5.12,3,0
704,37,Female,Lagos,Standard,12,27.15,0,0,1.76,3,0
705,30,Male,Lagos,Premium,12,26.62,1,0,3.17,2,1
706,45,Female,Abuja,Basic,12,40.79,0,0,0.74,1,1
707,46,Male,Port Harcourt,Standard,24,48.7,0,0,2.82,2,0
708,30,Female,Port Harcourt,Premium,12,84.79,1,0,4.72,4,0
709,63,Female,Port Harcourt,Premium,12,20.79,0,0,8.03,5,1
710,52,Female,Lagos,Premium,24,76.14,0,1,5.82,2,1
711,23,Male,Abuja,Premium,24,57.83,0,0,5.47,1,1
712,35,Male,Kano,Premium,12,35.92,0,0,2.73,4,0
713,22,Female,Lagos,Standard,12,54.35,1,0,3.35,3,1
714,64,Female,Port Harcourt,Standard,12,36.99,0,1,3.51,4,0
715,42,Male,Abuja,Standard,12,63.65,0,1,3.59,2,0
716,19,Male,Port Harcourt,Standard,36,49.05,2,1,4.3,1,1
717,27,Male,Kano,Basic,36,24.8,1,0,4.45,2,0
718,47,Female,Port Harcourt,Standard,12,20.49,0,1,4.32,3,1
719,62,Male,Port Harcourt,Premium,36,59.2,0,1,3.66,3,0
720,22,Male,Kano,Premium,24,91.22,0,0,5.27,1,1
721,50,Female,Abuja,Standard,36,40.96,2,0,4.37,5,0
722,18,Male,Lagos,Premium,36,75.97,1,0,1.81,4,1
723,35,Male,Abuja,Standard,12,69.28,1,2,5.07,4,0
724,49,Male,Kano,Premium,36,93.84,0,0,4.77,3,0
725,64,Female,Port Harcourt,Basic,36,83.89,1,0,1.84,2,0
726,28,Female,Abuja,Basic,36,60.99,1,1,3.82,2,0
727,38,Female,Lagos,Standard,36,69.13,2,0,6.19,5,0
728,43,Female,Kano,Standard,24,90.85,1,1,2.73,2,0
729,42,Female,Abuja,Standard,12,45.96,1,0,2.52,4,0
730,39,Female,Lagos,Premium,12,39.41,2,1,4.35,2,0
731,44,Female,Kano,Standard,24,10.97,3,0,6.25,5,0
732,30,Male,Lagos,Basic,36,84.39,2,0,8.62,4,1
733,50,Male,Kano,Premium,24,82.09,1,0,6.32,2,0
734,51,Female,Port Harcourt,Standard,36,19.4,2,0,7.17,4,0
735,58,Male,Abuja,Premium,24,61.92,1,1,5.69,3,0
736,52,Male,Lagos,Premium,12,51.76,0,2,3.63,3,0
737,18,Female,Kano,Standard,12,20.68,0,0,6.3,3,0
738,38,Male,Lagos,Premium,12,98.25,1,0,4.83,2,0
739,23,Male,Lagos,Basic,36,29.32,0,2,5.75,5,1
740,45,Male,Abuja,Basic,36,16.05,1,1,3.11,4,0
741,34,Male,Port Harcourt,Premium,24,63.54,0,1,5.93,1,0
742,22,Male,Lagos,Standard,24,76.5,1,0,4.76,3,0
743,48,Female,Kano,Premium,12,12.92,3,1,5.46,3,0
744,22,Female,Kano,Basic,36,69.28,3,0,4.83,1,0
745,55,Female,Port Harcourt,Premium,24,57.91,2,0,4.45,1,0
746,20,Male,Kano,Premium,36,19.29,1,0,5.97,2,0
747,40,Female,Port Harcourt,Basic,36,25.53,1,0,4.19,4,0
748,54,Male,Kano,Premium,12,61.12,1,1,1.82,3,0
749,54,Male,Abuja,Premium,12,36.67,1,0,1.25,5,1
750,27,Male,Lagos,Standard,36,94.45,1,1,5.37,2,0
751,27,Male,Abuja,Standard,36,83.69,2,0,4.11,2,0
752,36,Female,Lagos,Basic,36,98.52,0,2,1.54,5,0
753,34,Female,Lagos,Basic,36,33.37,0,1,5.21,5,0
754,38,Male,Lagos,Basic,12,97.28,2,1,4.81,5,1
755,31,Female,Abuja,Standard,24,48.81,0,1,4.0,1,0
756,26,Male,Lagos,Basic,12,41.28,3,2,5.49,3,0
757,63,Female,Abuja,Basic,24,14.53,0,0,7.63,1,1
758,18,Female,Port Harcourt,Basic,36,14.75,0,0,7.57,3,0
759,62,Male,Kano,Standard,24,72.28,0,1,5.29,1,0
760,30,Female,Kano,Premium,12,51.21,0,0,4.83,4,0
761,21,Male,Lagos,Basic,12,30.39,0,2,5.32,3,0
762,18,Female,Abuja,Premium,36,65.26,0,1,5.62,2,0
763,57,Male,Kano,Basic,12,32.76,1,0,4.46,3,1
764,49,Male,Abuja,Premium,36,61.99,2,0,5.35,3,0
765,51,Female,Abuja,Standard,12,42.33,0,0,1.85,3,0
766,45,Female,Lagos,Standard,12,84.12,1,1,5.16,4,0
767,48,Male,Kano,Basic,36,83.86,1,1,5.95,1,0
768,25,Female,Lagos,Premium,24,52.96,1,1,4.02,2,0
769,56,Female,Lagos,Standard,12,41.57,0,1,4.81,1,0
770,43,Male,Kano,Basic,24,42.63,1,0,2.78,1,1
771,51,Male,Kano,Basic,12,82.51,5,0,2.5,5,1
772,20,Female,Port Harcourt,Standard,12,39.54,2,0,5.42,4,1
773,29,Male,Port Harcourt,Standard,12,28.82,0,1,3.54,5,1
774,18,Male,Abuja,Basic,12,17.62,3,1,1.45,4,0
775,61,Male,Kano,Premium,24,52.0,0,0,2.78,1,0
776,22,Female,Port Harcourt,Premium,24,53.39,0,2,3.07,1,1
777,47,Female,Abuja,Premium,12,85.68,2,0,6.55,4,0
778,47,Male,Abuja,Basic,12,29.91,0,0,5.36,1,0
779,34,Female,Abuja,Standard,24,44.29,1,0,3.26,1,0
780,64,Male,Port Harcourt,Basic,36,82.76,2,1,3.82,2,0
781,40,Female,Kano,Standard,36,84.13,1,0,7.62,5,1
782,32,Male,Lagos,Premium,24,44.61,1,1,6.87,5,0
783,54,Male,Abuja,Premium,12,51.32,1,0,2.76,5,0
784,38,Female,Port Harcourt,Standard,12,37.3,2,0,7.33,3,1
785,31,Male,Port Harcourt,Standard,36,93.93,0,0,4.84,2,0
786,19,Female,Lagos,Basic,36,20.68,0,0,6.6,5,0
787,28,Female,Lagos,Premium,24,94.04,0,0,4.67,5,0
788,56,Male,Port Harcourt,Basic,36,71.55,1,0,7.37,2,1
789,55,Male,Kano,Basic,24,57.84,3,0,2.68,1,0
790,51,Female,Lagos,Basic,36,12.94,1,1,4.49,5,0
791,55,Male,Port Harcourt,Premium,36,52.8,2,0,7.43,1,0
792,51,Male,Lagos,Basic,36,46.7,1,3,0.21,5,0
793,35,Male,Kano,Basic,12,24.51,1,0,4.91,4,1
794,47,Male,Abuja,Basic,12,69.08,1,0,4.21,3,1
795,32,Male,Lagos,Basic,12,97.4,0,0,6.37,5,0
796,44,Female,Kano,Basic,36,60.6,3,1,7.14,4,0
797,51,Female,Port Harcourt,Basic,24,74.33,2,0,6.46,2,1
798,55,Male,Lagos,Premium,24,16.16,1,0,5.48,4,1
799,50,Male,Lagos,Basic,24,47.59,2,0,5.08,2,1
800,41,Male,Port Harcourt,Standard,24,20.47,0,1,4.31,5,1
801,32,Female,Abuja,Basic,12,65.15,0,0,5.42,2,0
802,47,Male,Port Harcourt,Basic,12,94.46,0,0,7.92,4,0
803,59,Female,Lagos,Premium,36,69.56,2,0,3.34,3,0
804,34,Female,Port Harcourt,Premium,36,16.91,0,0,4.2,1,0
805,22,Female,Kano,Standard,24,41.92,2,1,4.85,1,0
806,46,Male,Port Harcourt,Standard,12,59.56,0,3,7.0,3,0
807,21,Female,Lagos,Premium,24,46.29,1,0,5.45,1,0
808,27,Male,Port Harcourt,Premium,36,85.03,0,0,6.97,5,0
809,34,Female,Abuja,Basic,36,83.32,2,0,7.07,5,0
810,27,Male,Port Harcourt,Premium,24,65.06,2,3,6.18,4,0
811,34,Female,Abuja,Standard,36,43.61,0,1,2.87,4,0
812,37,Male,Kano,Basic,24,32.98,0,0,8.32,2,0
813,41,Female,Abuja,Standard,12,19.53,0,0,7.82,4,0
814,22,Male,Port Harcourt,Basic,24,41.94,3,0,5.13,5,1
815,51,Male,Lagos,Premium,12,47.19,0,0,2.24,4,0
816,23,Male,Abuja,Standard,12,70.82,0,0,1.88,1,0
817,19,Male,Kano,Basic,36,69.23,2,0,5.51,2,0
818,30,Female,Abuja,Basic,36,16.31,3,1,3.6,2,0
819,60,Female,Abuja,Premium,36,45.57,2,1,1.57,5,0
820,60,Male,Abuja,Premium,24,26.36,1,2,1.84,4,0
821,28,Female,Kano,Premium,24,24.11,1,0,4.06,1,0
822,64,Male,Port Harcourt,Standard,36,84.46,1,0,5.39,4,0
823,40,Male,Abuja,Basic,24,13.77,1,0,7.81,3,0
824,33,Female,Abuja,Premium,36,47.73,0,1,5.97,4,1
825,48,Male,Lagos,Standard,24,25.14,2,0,4.24,5,1
826,28,Male,Kano,Standard,12,89.14,0,3,5.76,4,0
827,33,Female,Abuja,Standard,12,60.13,2,1,5.58,2,0
828,25,Male,Kano,Premium,36,30.82,0,0,6.48,1,0
829,21,Male,Abuja,Premium,24,55.22,1,0,4.92,5,0
830,57,Male,Port Harcourt,Basic,24,75.83,0,0,7.07,3,0
831,21,Male,Port Harcourt,Basic,12,96.23,2,1,6.65,1,0
832,42,Female,Abuja,Premium,12,29.84,0,0,5.17,1,0
833,20,Female,Port Harcourt,Standard,36,89.76,1,0,4.76,2,0
834,49,Female,Abuja,Standard,12,94.09,1,1,6.84,2,0
835,20,Male,Port Harcourt,Standard,36,92.48,0,1,3.57,2,1
836,44,Male,Lagos,Basic,12,67.19,0,0,1.99,5,0
837,46,Female,Lagos,Standard,12,66.68,1,0,1.98,4,1
838,49,Male,Lagos,Basic,24,46.29,1,0,3.41,1,0
839,36,Male,Kano,Basic,12,77.72,1,0,6.32,4,1
840,38,Male,Kano,Standard,12,57.82,2,0,4.15,4,0
841,22,Male,Lagos,Standard,36,70.97,3,2,5.41,2,0
842,35,Female,Kano,Premium,12,48.56,0,0,4.01,4,0
843,45,Female,Port Harcourt,Premium,36,75.83,0,1,4.03,1,0
844,59,Female,Abuja,Standard,12,84.2,0,0,2.95,1,1
845,39,Male,Abuja,Basic,12,23.18,0,1,4.82,3,0
846,38,Female,Abuja,Basic,36,84.96,0,0,4.65,5,0
847,23,Female,Lagos,Basic,24,58.63,0,0,5.83,4,0
848,18,Male,Kano,Basic,36,86.02,1,0,5.58,5,0
849,22,Male,Port Harcourt,Basic,36,48.82,0,1,4.61,5,0
850,58,Female,Port Harcourt,Premium,36,44.11,0,0,1.99,5,0
851,29,Female,Lagos,Standard,24,92.36,1,0,7.14,5,0
852,43,Female,Port Harcourt,Premium,12,32.61,0,0,4.83,1,1
853,63,Female,Port Harcourt,Basic,36,85.98,0,2,5.16,4,1
854,51,Male,Port Harcourt,Basic,36,53.56,2,0,8.2,3,0
855,31,Female,Port Harcourt,Basic,24,56.27,1,0,6.82,5,0
856,43,Female,Kano,Basic,36,37.76,2,0,5.89,3,0
857,62,Male,Port Harcourt,Standard,12,61.57,0,0,5.0,1,0
858,44,Female,Abuja,Basic,24,39.27,0,1,4.98,1,0
859,26,Male,Lagos,Standard,12,13.53,2,0,5.48,2,1
860,43,Male,Kano,Basic,12,34.48,2,0,5.81,5,0
861,64,Male,Port Harcourt,Standard,24,10.57,4,1,8.42,2,1
862,39,Female,Kano,Premium,36,98.05,0,0,9.95,3,1
863,64,Female,Port Harcourt,Basic,12,96.92,1,0,5.58,4,1
864,47,Male,Abuja,Standard,12,45.56,2,1,0.69,2,1
865,60,Female,Lagos,Premium,12,75.55,1,2,3.1,1,0
866,34,Female,Port Harcourt,Basic,12,41.12,1,1,8.62,5,0
867,43,Male,Port Harcourt,Basic,24,70.4,3,1,6.44,3,0
868,53,Male,Port Harcourt,Basic,24,82.49,2,0,5.85,1,0
869,18,Female,Port Harcourt,Standard,12,95.21,0,0,4.67,4,0
870,25,Male,Lagos,Standard,36,46.02,0,0,2.62,5,0
871,52,Female,Lagos,Premium,12,80.5,3,1,8.36,4,0
872,32,Female,Abuja,Standard,36,33.93,1,1,3.35,4,1
873,64,Female,Lagos,Standard,12,99.13,1,1,6.46,5,1
874,39,Female,Port Harcourt,Basic,36,12.32,0,0,2.4,5,0
875,31,Male,Abuja,Basic,12,64.32,1,0,4.57,4,0
876,43,Male,Abuja,Basic,36,69.36,1,1,6.99,3,0
877,45,Male,Abuja,Basic,12,71.92,1,0,4.5,5,0
878,40,Male,Port Harcourt,Basic,12,20.83,0,0,4.26,1,0
879,31,Female,Kano,Basic,36,94.47,1,1,5.02,2,0
880,41,Female,Port Harcourt,Basic,24,26.31,2,0,2.33,3,0
881,19,Male,Lagos,Premium,36,66.05,0,0,1.95,5,1
882,62,Female,Lagos,Premium,24,30.04,3,2,6.43,5,1
883,43,Female,Port Harcourt,Premium,12,37.65,1,0,4.16,3,0
884,31,Female,Port Harcourt,Premium,36,59.18,2,0,6.41,2,0
885,24,Male,Abuja,Basic,36,47.55,0,0,7.24,4,0
886,20,Male,Port Harcourt,Premium,36,24.42,0,0,7.4,1,0
887,64,Male,Abuja,Basic,24,25.38,0,1,1.76,5,0
888,40,Female,Lagos,Premium,24,47.63,1,1,3.6,2,0
889,63,Male,Abuja,Standard,12,78.16,0,1,6.08,1,0
890,60,Male,Port Harcourt,Premium,24,90.82,0,0,6.11,3,0
891,64,Male,Lagos,Premium,24,17.57,2,0,9.5,5,0
892,62,Male,Kano,Basic,12,45.38,0,0,3.18,4,0
893,35,Male,Abuja,Premium,36,19.02,2,0,7.34,3,0
894,55,Male,Lagos,Standard,36,11.49,0,2,5.74,5,0
895,52,Female,Abuja,Basic,12,69.55,0,0,1.72,2,1
896,32,Female,Lagos,Basic,36,64.22,0,0,3.9,1,0
897,42,Male,Lagos,Premium,24,24.67,2,0,5.53,1,1
898,54,Male,Abuja,Basic,12,31.04,2,0,1.59,5,0
899,45,Female,Kano,Basic,12,12.13,1,3,0.85,3,0
900,27,Female,Lagos,Basic,12,85.15,0,2,1.48,4,0
901,56,Male,Lagos,Basic,36,97.72,1,0,5.52,2,0
902,34,Male,Lagos,Basic,12,22.19,0,1,4.03,5,0
903,56,Male,Kano,Basic,12,30.83,2,0,3.76,2,0
904,39,Male,Kano,Standard,12,88.16,1,0,3.83,1,0
905,43,Female,Port Harcourt,Premium,36,93.38,3,0,2.15,4,0
906,61,Male,Abuja,Standard,24,47.77,2,0,4.09,2,0
907,42,Male,Kano,Basic,12,14.56,0,2,1.36,5,0
908,34,Male,Abuja,Basic,24,13.55,0,0,7.38,4,0
909,30,Male,Port Harcourt,Premium,36,61.66,0,0,8.38,3,0
910,37,Female,Abuja,Standard,36,45.36,1,0,0.35,5,0
911,42,Female,Kano,Premium,36,12.58,0,0,4.06,2,0
912,21,Female,Abuja,Standard,36,62.49,1,0,4.19,4,0
913,27,Male,Kano,Basic,24,11.02,1,0,4.65,5,0
914,20,Male,Abuja,Premium,12,80.86,3,0,7.0,4,0
915,58,Female,Kano,Premium,36,37.58,1,0,4.07,4,0
916,62,Male,Kano,Basic,36,13.62,0,0,4.82,4,0
917,35,Male,Abuja,Premium,24,62.95,0,0,10.96,2,0
918,64,Female,Port Harcourt,Standard,24,45.79,1,1,4.78,5,0
919,53,Female,Lagos,Standard,36,97.64,1,1,8.53,1,0
920,64,Female,Port Harcourt,Standard,12,58.98,1,0,6.0,1,0
921,39,Female,Abuja,Standard,12,34.77,1,1,3.89,2,0
922,51,Male,Port Harcourt,Basic,36,73.85,0,0,3.56,2,0
923,64,Male,Kano,Premium,24,34.43,2,1,4.99,4,0
924,25,Female,Lagos,Standard,36,91.38,0,1,2.75,5,0
925,57,Male,Abuja,Basic,36,43.72,2,0,3.27,5,0
926,61,Female,Abuja,Premium,24,59.49,0,0,4.15,3,0
927,36,Female,Abuja,Premium,36,14.55,2,0,5.59,3,0
928,59,Male,Lagos,Basic,36,48.35,1,2,8.65,1,0
929,58,Female,Kano,Basic,36,84.91,1,0,4.03,3,0
930,54,Male,Abuja,Standard,24,82.51,2,1,5.92,3,0
931,23,Male,Port Harcourt,Premium,12,30.19,3,0,1.74,1,0
932,43,Male,Abuja,Premium,12,30.35,2,0,7.12,1,1
933,51,Male,Abuja,Basic,24,83.56,0,0,1.56,3,0
934,62,Female,Abuja,Premium,12,93.74,1,2,6.6,5,0
935,23,Male,Abuja,Standard,36,18.58,1,0,4.84,3,0
936,54,Female,Kano,Premium,12,50.51,2,0,4.76,4,0
937,50,Female,Port Harcourt,Basic,36,40.37,1,0,4.4,4,0
938,39,Female,Kano,Basic,12,88.36,1,0,2.4,4,1
939,38,Female,Port Harcourt,Standard,24,17.52,1,1,2.5,2,0
940,23,Male,Abuja,Standard,12,29.0,1,0,6.67,4,0
941,23,Male,Lagos,Premium,12,77.72,0,0,5.02,5,0
942,21,Female,Kano,Premium,12,14.62,2,0,4.38,2,1
943,47,Female,Lagos,Basic,24,54.33,1,0,5.89,2,0
944,28,Male,Kano,Standard,12,49.79,0,1,5.2,4,0
945,47,Female,Abuja,Standard,24,40.1,2,1,3.41,3,0
946,48,Male,Kano,Standard,36,45.51,1,0,9.92,1,0
947,41,Female,Abuja,Premium,12,57.69,1,0,6.48,3,0
948,26,Male,Kano,Standard,24,24.52,1,0,5.25,3,0
949,20,Female,Abuja,Basic,24,61.48,3,0,3.97,2,0
950,48,Female,Abuja,Basic,12,82.49,1,0,6.91,2,0
951,57,Male,Port Harcourt,Premium,36,78.41,0,1,3.42,2,0
952,54,Female,Abuja,Premium,24,23.85,0,0,3.26,5,0
953,53,Female,Port Harcourt,Standard,12,23.43,2,0,8.39,5,0
954,41,Male,Abuja,Premium,36,34.14,1,0,5.06,1,1
955,48,Female,Lagos,Basic,24,42.5,0,0,3.47,2,0
956,23,Male,Abuja,Standard,24,46.76,0,0,5.01,4,1
957,19,Male,Lagos,Basic,36,71.17,1,1,6.7,2,1
958,37,Female,Lagos,Standard,36,15.1,0,0,6.24,5,0
959,45,Female,Abuja,Premium,12,13.12,2,0,6.95,2,0
960,28,Female,Lagos,Standard,12,45.27,0,0,2.5,5,0
961,21,Female,Port Harcourt,Standard,24,72.74,0,1,6.9,2,0
962,32,Female,Kano,Basic,36,27.41,2,0,4.64,4,0
963,23,Female,Abuja,Basic,36,67.74,0,1,5.18,1,0
964,47,Female,Lagos,Standard,36,33.38,2,1,7.42,4,0
965,55,Male,Abuja,Premium,24,89.75,1,0,6.41,5,0
966,19,Female,Port Harcourt,Premium,36,90.61,1,1,5.7,3,0
967,32,Male,Abuja,Basic,36,36.76,1,0,1.03,4,1
968,28,Female,Abuja,Premium,24,30.7,2,0,4.91,2,0
969,25,Female,Lagos,Basic,12,47.02,3,0,3.43,1,1
970,43,Male,Port Harcourt,Premium,12,31.65,3,0,6.42,2,0
971,62,Female,Kano,Standard,24,70.51,2,2,6.98,2,1
972,61,Female,Kano,Basic,36,84.35,1,0,4.4,4,0
973,22,Male,Lagos,Basic,24,70.58,0,0,3.67,1,0
974,23,Female,Abuja,Standard,12,84.19,1,0,8.11,3,0
975,43,Female,Lagos,Basic,12,45.73,1,0,3.79,2,0
976,21,Female,Lagos,Premium,24,24.07,1,0,2.61,1,1
977,36,Male,Lagos,Premium,24,76.42,0,1,3.33,3,0
978,37,Female,Abuja,Basic,12,42.44,0,0,3.89,2,1
979,50,Female,Port Harcourt,Premium,24,70.41,2,0,3.28,1,0
980,37,Female,Lagos,Basic,12,34.36,1,1,6.69,4,0
981,29,Female,Abuja,Standard,24,17.31,1,1,0.6,2,1
982,64,Male,Port Harcourt,Basic,24,99.33,1,1,3.23,2,0
983,18,Male,Lagos,Standard,24,24.06,1,1,4.91,1,0
984,43,Female,Kano,Premium,12,98.96,2,0,5.42,2,1
985,31,Female,Port Harcourt,Standard,24,97.96,1,0,8.38,3,1
986,55,Male,Lagos,Premium,12,81.44,2,1,8.09,2,1
987,54,Male,Port Harcourt,Basic,12,69.35,2,1,1.8,5,1
988,28,Female,Port Harcourt,Premium,24,62.0,1,0,1.18,3,0
989,53,Male,Port Harcourt,Basic,24,87.95,3,0,5.05,1,1
990,30,Female,Port Harcourt,Basic,12,36.05,1,0,3.65,3,0
991,60,Male,Port Harcourt,Standard,12,52.09,0,0,2.62,5,1
992,20,Male,Port Harcourt,Standard,36,65.75,1,0,5.03,5,0
993,50,Male,Lagos,Standard,12,47.01,0,1,5.46,2,0
994,23,Male,Kano,Standard,36,48.47,1,1,3.32,2,0
995,27,Female,Abuja,Premium,36,39.73,1,1,3.75,4,0
996,22,Male,Port Harcourt,Premium,36,60.78,0,0,3.48,3,0
997,40,Male,Abuja,Premium,24,86.55,0,0,4.18,4,1
998,27,Female,Lagos,Basic,24,28.14,1,0,6.08,5,1
999,61,Male,Port Harcourt,Premium,12,94.1,1,1,2.84,2,0
1000,19,Male,Kano,Premium,36,72.02,1,0,3.72,2,0
